square_footage,num_bedrooms,num_bathrooms,age_of_home,distance_to_city_center,local_school_rating,house_price
2597.627008,3,2,7,27.04833209,5.676277968,604442.6924
2930.378733,3,2,35,29.60977473,8.24649751,590479.4196
2705.526752,4,1,47,9.822342122,6.962381206,536714.501
2589.766366,2,3,5,21.1029127,2.559384583,537549.1955
2347.309599,4,3,41,10.05910229,2.976704197,481556.9027
2791.788226,3,2,28,3.149722179,8.809248571,544069.9211
2375.174423,2,1,21,11.78076921,4.032651941,461105.763
3283.546002,2,3,11,16.54709882,5.028763084,639129.2775
3427.325521,2,2,3,3.690502775,4.520221409,744446.3048
2266.883038,5,3,18,24.54818324,1.468268308,459736.4206
3083.450076,4,3,35,14.92089351,7.341163456,632322.5106
2557.78984,4,1,46,7.031488575,5.860666727,541101.3411
2636.089122,4,2,41,17.78278736,7.085260736,531732.1389
3351.193277,3,3,17,23.79777918,3.504082507,746630.6517
1642.072116,4,3,47,9.828730472,4.662225175,337871.7734
1674.258599,5,1,27,21.04428973,2.73384786,343329.9751
1540.436795,5,1,47,12.8357754,4.777143683,301006.3093
3165.239691,4,3,9,28.92153507,6.881422706,708070.5645
3056.313502,5,1,19,23.1282026,9.502201389,641449.8906
3240.024296,4,1,7,10.69052708,6.971114799,659331.2853
3457.236684,5,2,7,0.532438772,5.72643757,729920.9302
3098.317128,2,2,37,19.72559686,4.747305002,575710.3284
2422.958725,2,3,43,5.936164758,1.949947158,473188.7983
3061.058353,3,3,44,3.656375269,5.293668672,640981.3327
1736.548852,2,3,46,27.95329354,2.395972838,310000.2328
2779.842043,3,1,46,29.99846911,6.239684648,554494.2415
1786.706575,2,2,34,8.096664617,7.572223698,349464.4163
3389.337834,5,3,33,9.053056565,9.518460505,804860.609
2543.696644,3,2,10,4.949668177,3.671675809,586095.9615
2329.32388,5,1,5,13.73054328,4.572149849,539692.1256
2029.111224,5,2,28,25.9753128,2.646567456,420492.7676
3048.467379,3,1,46,21.04517856,8.901464589,618855.2395
2412.300664,2,3,32,25.38994674,8.41669502,475360.8565
2636.867898,2,1,19,6.85444967,7.974639052,542086.6549
1537.579601,5,1,39,21.91368202,1.515610347,330839.2092
2735.270994,4,1,30,27.55579885,6.010474978,564652.8236
2724.191445,4,1,31,8.442483426,3.115122058,569919.5288
2733.867994,3,3,47,20.71960631,2.077166771,536571.8974
3387.496157,5,2,47,12.01972235,8.034517902,667253.7212
2863.640598,3,3,1,8.706799355,2.904232376,629472.0748
2219.015801,3,3,32,29.08870406,5.507305284,507991.8983
2374.063908,2,1,40,10.4589969,5.734867136,477590.5736
2895.262392,2,3,49,3.235490438,2.919538036,598525.4501
1620.450943,5,1,45,11.65767629,5.430350497,374355.9653
2833.533431,4,2,46,13.43034873,1.475379078,553232.3399
2841.275739,2,1,0,22.56632476,1.000652047,569384.5846
1920.765122,3,2,37,28.49742801,8.922897385,410898.1288
1757.852595,4,3,21,24.51170951,4.740298319,360438.4172
2130.856702,2,1,22,27.92823934,9.166778191,485295.6983
2227.421542,3,2,27,14.2518039,5.466766238,462096.8705
2640.393541,2,3,5,21.57949705,4.879974651,564377.8663
2377.203027,2,2,45,9.27148755,3.663209266,497375.6705
3476.747676,2,1,35,2.087613256,1.735200438,627266.6726
1704.089621,3,2,45,10.96420576,3.787251843,319997.3982
1917.753512,3,2,35,20.93745685,6.476232387,361605.0553
1822.619036,2,2,40,8.238663307,7.865077125,369180.0874
2806.216651,3,3,3,25.84217687,5.867429659,613882.5036
2006.583205,2,2,28,23.7231855,7.824302593,418578.9351
2432.621546,5,2,27,5.821276476,2.419764325,511629.015
1988.851184,4,2,9,9.925102875,6.249159385,456283.1629
1817.939167,3,2,43,24.75907853,8.943429043,389754.1317
1720.750282,2,1,3,7.318133685,2.961641869,363592.959
2812.659179,2,1,43,9.94806437,3.049020446,528202.4771
1776.365903,5,3,11,10.29200797,7.735892618,452805.682
1893.164723,2,2,22,24.03126083,8.308511064,413064.4677
2237.450341,4,3,42,1.110907968,3.232416967,489410.9031
3141.98646,3,2,42,2.213609494,3.984128238,651082.3336
1694.202552,5,1,4,17.35354644,6.685924604,385859.4007
3175.889815,2,2,29,11.91335973,4.585885419,630357.5646
1692.196816,2,3,44,18.98655959,6.616098731,309086.0263
3452.91893,2,2,2,7.993838285,5.467870289,716934.8967
2437.302403,5,1,30,27.28748032,7.962861782,570841.8852
3453.522176,3,3,5,22.82825662,8.612997822,739104.1119
2709.691039,4,2,47,2.032386617,8.774444884,557253.9332
2978.527159,4,1,12,23.51716432,6.5037257,615489.3216
1578.375585,2,2,17,29.08747117,6.513256941,348239.4809
2065.613925,2,1,15,28.27306862,5.046822089,409433.3313
1740.393122,3,3,41,22.06451394,1.248526405,303267.0394
2092.280395,2,3,24,3.707812604,3.692621975,439556.3877
1737.455438,4,2,21,17.28230298,1.573279467,308973.0634
2135.966359,3,1,40,8.526981865,4.94006724,427013.0588
2328.525989,5,3,3,29.10638831,8.645367241,493371.1872
1628.294993,5,2,46,21.52457176,6.371218159,345755.3546
2884.944239,3,2,48,18.32296769,7.079793384,577349.2101
2633.202908,2,2,31,20.85264128,2.692071746,489722.4981
2030.778982,4,1,6,13.13937387,3.357578347,469603.6558
2546.496107,3,2,33,11.18210254,2.468189377,510273.7768
1687.881022,3,1,47,28.07398738,8.58419886,354155.8921
2651.892991,2,2,11,9.957814044,3.522817117,538818.0373
3358.592395,4,1,39,1.243083952,6.060936787,679950.8223
2137.137905,4,2,8,12.02520462,2.270157517,432315.8319
2834.82076,5,2,3,23.71021058,2.115900175,619902.1835
1763.595725,5,1,43,19.45405074,4.128250269,356553.4805
2932.654408,3,3,39,28.86512326,3.973178423,594116.3762
2078.812186,4,3,41,3.186056029,3.959679104,417889.9323
1866.382724,2,3,25,27.34638907,6.408395083,395271.3239
2673.02587,2,1,45,11.06547582,3.843911404,521283.4072
1540.215092,3,3,6,14.22007756,7.918622821,367903.3752
3157.880058,3,2,7,12.85446463,1.816036914,673970.333
1509.390952,4,1,40,3.493568433,3.92307272,310740.4238
2855.633074,2,3,29,7.433893672,7.022738157,528694.2894
2040.015946,5,2,5,22.26814708,6.426388994,476912.8249
2970.388044,5,2,38,0.690226255,2.075640565,632571.3489
3424.37709,5,1,3,4.016633232,4.955261438,725408.229
1997.506287,4,3,7,0.756305064,3.782993166,420204.5607
2652.314669,4,2,43,25.72164172,6.686833891,549963.9098
2684.083863,3,3,23,18.51974483,2.168832516,533913.4
2644.503812,2,2,24,5.097859864,7.035093307,528554.585
1946.163265,5,2,29,23.06316669,5.174492781,403293.7645
3405.498023,2,1,17,29.00401792,3.474009891,681400.8943
2394.250757,4,3,43,28.03681124,7.726995943,517502.0345
3192.817345,2,2,33,27.64642643,2.691188698,604663.3762
2898.958551,5,3,48,0.234306462,2.370141447,630338.1493
2094.873902,2,3,14,17.67040467,1.138203429,444421.6737
3127.595639,5,3,42,7.698978499,8.751703207,619179.2035
2293.011482,4,1,42,16.93941643,5.431289866,512564.2707
3262.206394,3,2,16,9.540908675,5.650440484,652179.4484
2662.545745,5,3,47,4.609996283,2.03286355,571686.0106
3263.470724,3,1,1,13.3348117,1.969985224,661237.5553
2885.06318,5,3,42,14.85288982,4.004050644,602439.8375
2950.50856,3,1,0,29.69296521,5.646075796,601998.2268
2502.648764,4,3,15,1.271636524,7.307849971,585982.8205
3412.167269,2,3,16,9.034655967,5.493433209,699470.5273
2787.980398,5,3,8,25.55681535,8.484025879,610514.6725
2347.710097,5,1,41,19.79086494,4.396530986,479554.4236
2712.786428,5,1,20,24.80049096,1.252791928,611728.7343
1538.386397,4,2,43,19.80872756,4.835370475,292487.805
2103.149633,5,2,25,22.78608927,1.765023664,408461.8832
2820.347075,4,1,0,14.7876525,3.898489846,603435.7134
2080.155214,3,2,49,6.146330787,9.866392148,423944.3117
2736.030858,2,1,39,24.30011583,8.716188314,546308.0471
2357.537402,3,1,2,17.03461964,3.128101418,486606.9713
1770.948128,2,1,6,4.185155814,4.383661882,395706.3945
2096.564652,2,2,3,24.14682081,4.880486178,442166.5245
2639.929821,3,3,30,28.75757731,7.874815399,538175.9166
2681.745522,5,2,13,10.38491618,1.30111415,592116.4796
2648.650498,5,3,20,8.805367563,1.34760493,590830.1406
2806.40164,3,2,11,2.453255346,2.054060808,587954.4507
2804.20654,4,3,11,19.93473679,6.654924843,561635.2641
2362.836871,2,3,5,28.76884855,4.730919555,525963.6267
3293.093192,2,1,48,4.0797807,8.640330659,622803.2406
2235.12374,2,2,16,14.55478894,3.556521012,478948.8958
2371.729851,2,3,13,2.94714554,5.403268268,497865.1441
3283.84671,2,2,8,1.023297111,7.361071494,724369.217
3112.387978,5,1,27,19.93503152,5.906810774,649020.2648
2907.777167,4,1,6,26.03061526,3.8511998,663184.4809
1700.453775,2,3,44,10.12711608,2.372884918,321212.5068
3338.965227,4,1,42,26.27295523,5.865430768,658613.363
2928.482599,3,2,4,3.511592975,2.27940852,606866.6742
3497.694013,4,1,40,7.138820458,9.453740137,701282.4877
1798.896609,5,1,41,27.04820181,5.859015495,383628.4495
3236.252115,4,1,15,15.25529681,2.574237744,653798.0447
1824.985869,4,1,0,18.24577151,7.485782922,398486.8331
2731.119129,3,2,39,1.140546976,1.931924749,532023.3378
1747.639966,2,2,37,3.851697304,7.94480311,345854.7155
3196.016459,4,3,6,1.673724375,5.115602,665825.8107
3114.637917,5,1,29,27.1500222,2.1939576,636750.9858
2638.201477,3,3,47,4.043848916,1.334899327,536579.1707
2314.366594,4,3,25,25.4901848,9.940401943,490079.4
1638.333991,4,2,12,10.53104098,3.469314611,362681.7818
2894.857546,3,1,0,24.01792489,9.570237599,590383.997
2407.085365,5,1,49,10.95130642,5.516527031,476058.3292
2944.111199,5,2,28,8.030521191,5.527138455,617386.7813
3232.764652,5,2,7,2.809821036,1.819627465,708878.486
3451.04301,4,2,1,8.421197717,9.55635237,743054.8541
3211.606685,4,1,44,14.1443915,7.596062781,633655.2915
1523.428168,5,3,48,24.52526397,5.668550543,340217.9132
2219.956129,2,3,7,13.57544864,2.082314252,457458.0087
2959.981125,5,1,40,29.14306725,2.581089125,606848.8213
1843.259355,3,3,26,16.24899033,4.889499446,423614.6781
2542.073212,4,1,40,0.748368894,4.260329387,496667.5034
1608.675977,3,1,48,12.46101901,6.023242062,285494.5012
1899.99305,3,2,46,20.66697322,1.687095773,405114.4863
1537.043589,2,1,22,7.028749387,1.363114174,324258.8213
3087.395407,2,2,14,20.95889853,5.59992778,639164.3289
1947.849376,5,2,31,15.11091916,1.256512428,353348.2907
2190.703361,2,3,21,0.772133267,1.535967586,462551.7159
3356.162587,4,2,7,23.23058848,4.387073124,731403.4316
2908.828804,4,3,36,16.81121111,1.556011628,576157.7532
1563.677859,4,1,16,2.474805092,4.46922664,351037.9899
1829.388313,4,3,6,14.256421,3.175754643,402071.3654
2742.956803,4,3,42,8.618786453,2.689932674,549627.3966
2654.457177,5,3,20,26.39044628,4.642118483,550833.1669
1975.785643,4,1,38,8.547811584,2.079135151,408686.9038
3368.427996,5,1,4,28.25061213,4.146754304,716967.6407
2727.931912,3,2,16,16.38398248,4.913862664,564860.5334
2571.265606,3,1,34,9.708411286,8.470026523,551612.4801
2679.819953,2,2,47,24.40635052,9.395255642,553041.6166
2960.244059,4,1,47,20.92201135,3.77504591,603609.857
2123.889991,3,3,14,12.41887487,3.633778448,481401.1973
2296.442124,5,2,47,18.88854908,6.098664468,467672.9195
1919.687498,5,1,39,23.35752792,2.236729838,453055.7537
1872.386012,5,1,15,25.54673383,4.147409663,418193.6251
3388.74478,2,1,24,24.49238141,1.478947412,634611.4207
2979.10159,5,3,14,4.982312658,4.411613294,630988.262
2480.917617,2,2,10,24.85168658,2.027362112,515860.5492
1954.829256,5,2,4,1.758871767,6.056316206,435874.3949
2008.712964,2,2,20,6.005120447,6.77434361,425904.3495
1616.058321,2,1,41,18.6878016,9.88382383,287383.2023
2368.833251,3,2,40,3.440775763,2.75624796,481734.238
2123.591764,3,2,11,18.10042785,2.864819339,455158.5513
2892.686978,5,1,29,9.238970741,9.526775667,638921.0185
2255.503679,3,1,3,12.88399755,8.781767546,490380.8532
1859.207355,2,1,44,9.454545103,6.544486445,358963.6603
1549.357457,2,1,26,2.105207036,8.572665131,296097.4705
1634.499263,4,3,27,15.02276259,2.887229302,356103.3821
2858.785547,4,3,2,28.90798333,8.866259406,627501.0927
2407.393689,2,2,2,18.35350044,8.805767587,556166.8465
2573.158422,3,3,23,9.000956149,3.233010236,521151.0076
3293.342586,2,1,45,28.68449502,5.575359828,673364.6659
3480.677895,5,3,28,11.67711756,9.367968375,772179.1422
1933.793969,4,1,18,20.92553202,7.112349966,446174.8805
2826.156406,4,3,47,19.02338415,6.944671948,606874.0314
2026.644753,3,1,1,28.58732544,6.037881405,442309.6199
1541.301999,2,2,4,27.43808083,3.419484082,369236.0563
3016.757308,4,2,36,4.440121691,9.805738344,678936.6218
2140.034302,3,3,17,2.570576242,5.027586811,475682.2197
2266.927788,4,1,24,24.28926983,3.803050869,464994.1744
2676.634227,3,2,25,27.1482964,7.557226387,491031.7547
3162.09691,4,1,43,14.78920812,6.469343319,649592.5852
2757.963687,5,3,12,20.72283822,4.080171774,573592.3922
3245.301311,4,1,34,2.093648405,3.734124318,669862.211
2047.08407,2,1,21,6.594131936,2.930560166,393582.011
3096.093668,3,3,9,4.48128584,1.706377931,629177.0199
1871.271889,3,2,36,18.03481751,6.631398159,430728.449
3405.583314,4,3,43,5.926196813,5.551242743,704995.4206
2874.976553,2,1,41,1.795389467,3.113635697,546525.5773
1931.015354,4,3,6,9.066218482,1.49612073,423263.2582
3394.741181,4,3,17,20.31637287,1.170109614,737449.1496
2961.711614,4,1,31,17.33591173,7.646463367,617695.8808
2007.883285,5,3,47,9.921748965,2.694278702,401114.1162
1926.623955,3,2,44,25.00436628,3.399792575,311866.5328
2536.401428,2,2,6,8.28807324,1.127009744,551651.9821
1551.325436,5,3,16,7.816429151,2.355751493,344873.8768
1914.940151,5,1,30,16.79842232,8.870011458,452716.0602
2349.370938,4,3,28,14.3464692,3.178547513,501820.1463
2248.339961,4,3,11,13.37917982,9.585623786,490877.0517
2427.150849,4,2,32,4.673568569,2.479121546,534247.1904
2055.257413,3,2,38,15.13938575,3.279353128,435077.3433
2673.568693,4,1,25,7.770567518,8.809389716,594099.1608
3227.711212,5,1,38,11.76539648,4.839475048,711012.5845
1735.063712,3,1,29,22.00711343,3.410460453,364927.3445
2534.758214,5,3,2,28.10588477,7.235323864,569314.576
1764.136213,3,3,19,23.21588896,1.461055636,411323.0985
2933.719362,3,3,12,12.16901684,9.015446589,662631.373
2292.119406,3,3,18,17.79099418,8.574053908,477258.6747
2630.842624,5,1,0,22.39493448,1.772173316,610469.862
1866.559672,3,1,41,12.4266315,8.18756872,341221.5979
1789.695519,5,1,22,10.80744476,9.650533977,412544.3249
2476.112561,2,3,17,4.057298879,5.428626572,556362.4466
2211.225476,5,3,42,22.08782404,6.113380151,468182.6963
3380.863891,5,1,4,25.15525772,7.118170662,745184.8436
3030.650508,3,2,4,9.497532331,3.400542489,666199.4999
2997.32724,3,1,18,23.50523297,6.846951331,599011.8679
3307.439479,4,3,5,18.30639175,5.273807501,738896.9728
1666.844871,2,3,14,23.52249139,4.649876242,364688.3729
2604.38494,2,1,10,12.34012149,9.125214036,533859.1821
2668.952138,4,2,29,22.42729091,8.18112799,609229.8358
3423.872757,5,2,19,12.25527354,9.411468654,735105.7792
2084.295054,5,3,34,2.662739563,8.529866424,461899.9055
1981.65756,3,3,3,16.51736754,1.37629541,427247.8076
1700.587885,2,3,8,13.62986179,6.45876452,370859.2341
1532.859259,3,1,26,7.586396616,7.278731934,289784.6372
3359.058634,4,3,18,26.76340005,6.983717281,700069.9145
2839.833093,2,3,4,11.48559917,3.447607913,575596.9439
3070.305824,3,3,7,1.173783343,4.830673163,678982.2312
2063.460212,2,2,42,11.46407221,1.351262243,354610.9413
2672.820332,2,2,29,12.73529424,1.846847149,586103.7899
1627.910532,3,3,35,25.8491317,6.044607106,347363.0369
2471.255192,3,2,15,23.97549624,6.24170588,550266.7066
3454.990279,2,2,46,5.998997577,2.811063616,701940.9341
3253.010491,4,2,45,25.17087678,5.033824514,652027.0854
2176.317904,5,2,3,7.437816848,5.248695338,482354.0475
3423.140309,2,1,3,10.25802444,1.102030998,699308.3798
1963.403253,4,2,6,2.304553619,2.28268705,424739.6852
3398.637645,2,2,2,1.660689394,6.618700516,719135.0979
3382.755409,3,2,37,20.42580362,9.93538097,690214.2716
3098.405175,4,2,24,27.70023254,6.853525731,637664.1954
2760.895874,4,1,35,14.79050563,2.081950005,572234.9649
3248.575933,2,1,3,25.32281136,8.392962674,644364.3333
2086.040569,5,3,7,23.81253749,4.883839491,451890.9344
3197.887111,2,2,27,19.9403617,1.753301883,626588.3547
2735.753384,5,2,2,29.34686793,6.39842125,600184.5811
1526.473716,4,3,48,24.06563763,3.052414883,300247.8683
2194.467036,5,1,7,8.245331826,4.751035726,471227.7331
1796.281722,3,3,10,23.67042739,3.864648249,364069.091
3463.65878,5,1,45,20.77984939,6.785685528,734242.5625
2456.740614,5,3,48,11.9856134,4.879312055,498715.7646
2494.782731,4,3,5,2.303924107,1.935838839,547364.8825
2778.945033,5,2,40,6.430785889,2.941080095,565408.6086
2237.169212,4,3,22,23.91713675,5.504007463,477774.8366
1773.800543,3,1,43,7.454558644,8.102658044,330225.2317
3144.235466,3,1,1,29.93573949,1.087689387,687811.5399
1879.695824,2,3,6,20.8196442,6.511845556,404873.2426
2522.637965,2,1,28,14.31667442,2.042935828,521782.993
1948.634058,2,3,5,17.11310071,6.436444814,401688.5046
1695.688969,3,2,40,18.32618171,8.531268719,345919.0169
3224.383035,5,2,10,29.0683446,3.056346698,663062.0347
3445.838978,4,2,7,4.852235839,5.459632772,729605.3435
3421.669316,3,2,29,8.17187408,7.966476333,679700.732
3313.110998,5,3,36,21.28773144,2.580197313,662347.3377
3048.094665,2,1,18,7.195739494,2.373050284,627217.8007
2166.290304,4,3,47,26.13891487,9.145412818,471379.4575
1662.20278,2,1,2,10.39602527,7.251819862,335439.7007
2314.482343,4,3,41,5.425181997,7.629160267,497001.7683
1964.468284,5,1,29,1.428622825,8.595717649,463408.1483
1764.97527,3,1,32,17.86785121,5.854832028,334028.1023
1606.854364,2,3,49,24.75846569,5.395649493,307239.6898
2951.188728,3,2,25,8.213793334,6.006316164,613035.3188
1522.854917,5,3,36,27.52618459,7.45316172,331261.5286
3041.161497,5,2,19,22.7320281,4.518435746,627948.5683
1793.893291,5,3,32,1.839020475,1.85651422,411324.7519
1659.044165,3,1,27,17.1789899,2.220371961,322288.461
1679.206068,3,2,26,17.02322821,9.765126622,282936.0106
2844.095615,4,1,28,6.071169148,1.465458961,599691.8482
1990.73442,3,1,45,10.03633136,7.404574037,389095.5911
2341.078933,3,1,23,13.74836681,9.493133756,495357.9603
2614.737583,5,3,18,1.442334637,2.163335925,578719.7716
3221.102348,4,1,5,4.493292279,7.500379401,677773.6159
2954.088525,3,3,1,4.920131673,3.722109382,617708.3354
2040.65581,3,2,21,11.37707263,3.132685165,435049.8948
1762.965599,5,1,34,22.42072376,8.673603474,347670.3939
1610.748641,3,2,1,24.93910977,9.184183224,333108.2601
2103.197269,5,2,29,4.885471381,4.123454585,451542.2829
2024.236298,4,3,45,22.55718108,6.69382783,428560.8503
2412.281134,5,2,34,20.12129875,2.583438709,492043.3139
2866.562671,5,3,14,26.72062176,8.107834928,680315.8924
2891.250891,4,3,42,29.06373762,8.931158991,607831.1322
2067.037693,2,2,30,3.733818264,3.86805117,376156.9198
2259.853912,5,2,9,2.420215843,6.876702858,467883.3603
1862.301923,3,2,27,23.99190387,8.887759281,389471.6179
3077.091025,5,3,7,4.865126193,1.138374156,671249.0291
1613.696153,4,3,12,5.837235728,8.701617359,378139.747
2893.994483,3,2,29,26.46107768,6.149029098,609477.1147
3057.390792,4,3,36,28.16894691,4.726138463,677277.5854
3054.815124,5,2,38,9.554137318,5.703542622,631075.799
2018.845129,4,3,28,25.26504301,8.416558073,435515.0691
2247.626276,4,3,49,25.76570729,7.499165946,449534.7327
2675.19927,2,1,21,18.16171442,5.511383656,535863.7
2045.643805,5,1,23,16.98265344,5.388870933,467263.7782
2241.705598,5,2,37,17.27515228,9.093319414,450915.7282
1894.10856,5,1,20,9.038675629,3.091079832,359376.7777
2419.711768,5,3,13,18.56601117,1.861315262,538436.6293
1589.224603,3,2,45,7.307408133,7.107743068,349408.4737
3099.591769,4,1,40,5.328968702,7.31990541,658227.4611
1653.912894,5,2,41,12.38851363,6.115474241,380008.7096
2537.670298,3,2,1,21.17341269,3.362828906,559025.6621
2113.620199,5,3,8,18.64283062,3.663577544,519814.5213
2655.085898,4,1,39,28.94646238,6.55338906,557546.0788
3418.866682,5,3,44,19.39367734,3.456625081,700368.6958
2791.140489,3,2,9,4.239421494,5.496590912,640114.3115
1570.724872,3,2,49,4.836546399,3.988669149,266360.8728
2360.804879,4,2,17,2.792014202,5.593943585,512558.2013
2520.033705,5,1,49,5.73521295,3.064275097,537338.1696
2572.354989,3,3,25,17.93852702,2.782544305,523704.6553
2862.785021,2,3,23,25.14859425,7.605985058,555709.5127
2055.192195,5,1,40,26.81602956,4.471547836,457611.6049
1757.721131,2,3,10,12.0013166,3.09309572,358251.4913
2285.351353,3,3,26,16.75749086,8.725783613,441436.9983
3412.811446,3,2,13,24.27598776,4.615304289,705681.2117
1874.261784,4,2,31,9.362115636,2.042831487,405172.2569
3307.96791,4,2,21,17.87007013,7.372431675,672273.9789
2587.6119,5,1,33,5.222475332,3.519747903,548048.0912
2413.822843,3,2,45,14.29621022,6.087180208,513752.6337
3264.08282,3,3,1,5.192167811,6.613237362,722754.5577
2417.207924,3,1,32,13.87279171,9.66316934,480178.3198
2948.335273,3,3,43,11.90459075,2.719910806,626177.1361
2298.050643,2,1,6,12.99794471,3.557548515,481678.7519
3308.088786,3,3,34,7.311366783,9.389978489,685677.2176
2880.05004,4,1,30,4.081300271,7.464636157,615796.6787
2899.244109,5,3,46,8.269959838,5.043978973,575809.5518
2155.440803,5,2,26,7.187401177,7.612960575,452640.332
3013.557285,5,1,38,22.02888608,4.720466109,610224.9055
2772.122111,2,3,36,21.50925219,4.690463692,507121.1587
1980.040547,3,3,17,17.53448981,2.407750788,434239.2455
1821.077645,5,3,48,2.740013945,5.698434219,393627.3565
3092.782949,4,3,12,16.98785563,3.363979728,703652.5417
3418.333206,2,2,47,2.377110778,6.702340924,683497.0006
2416.277655,3,2,39,0.545190578,4.587455646,479191.6917
2681.968331,3,1,48,10.57788345,8.683489295,547187.1435
3215.445288,3,1,48,7.216347572,7.94226332,664414.3269
2414.446907,3,3,25,17.83943044,2.331399099,487751.9015
3403.748954,2,1,0,27.85927464,6.319827669,696375.1048
2651.502324,4,3,38,21.59556083,7.423665584,564797.006
3141.534241,3,1,30,23.02082586,5.629968204,646097.0559
3317.687437,2,1,41,28.52679331,2.025525538,620612.2104
3131.047638,2,3,47,19.02273243,5.529226547,592558.2489
1818.828927,4,2,36,17.33192824,4.896090907,383490.7343
2757.796878,2,3,38,18.05603928,3.931789924,505843.9215
2296.868517,2,2,28,25.9741577,6.242820144,436017.2474
1625.425904,5,1,42,11.64297106,3.923850997,317638.0204
2348.064504,5,2,23,23.86008676,3.120010183,546293.469
2017.368134,4,3,15,19.56770805,7.623111478,477352.4323
3198.076617,5,1,38,9.137146523,2.920339192,671999.0485
1566.609253,2,2,38,0.41065233,8.247594299,342870.7751
3417.965444,2,2,22,6.297599703,9.812449056,745523.1827
2210.737697,4,3,48,20.99966294,4.971148448,443045.0156
2213.413781,2,1,7,17.39070929,8.311531474,477546.611
1532.657005,4,1,37,8.237840995,2.515309556,356308.0613
1870.46465,5,2,2,13.02907414,8.17573152,443135.5647
2302.519002,5,2,13,19.83446297,9.662204427,499762.3293
3358.582835,3,2,20,3.812584215,5.653210548,684702.0836
1699.22986,5,1,46,12.96838743,3.301478238,375342.1725
3390.603067,3,2,29,12.49872645,2.447436414,705086.0537
3238.977061,3,2,32,16.2780306,9.249641464,662847.7317
2408.324794,3,1,19,15.65741041,3.921152848,522406.0866
2153.401764,2,1,44,11.03180055,5.473033578,396691.7413
1965.488259,3,3,44,22.88200886,4.900883961,405880.3753
2728.929413,5,1,22,2.0168712,4.916939684,613373.2859
1566.149183,4,1,22,1.066154176,7.887324344,315351.7046
1531.212129,5,3,44,12.60778019,9.416424874,347954.09
2357.591445,4,1,37,26.90082751,6.730972095,468527.1946
1636.148148,5,3,34,8.327080516,9.614244002,401930.1805
2003.881976,4,1,38,5.169279741,2.714002017,388318.4118
1942.321831,5,3,21,27.84625183,6.07543549,467841.6122
2006.382387,4,2,28,5.046697637,7.169562868,420803.9205
1762.110462,3,2,48,11.2452161,7.434786967,358815.1748
1524.072446,4,2,34,21.87046531,7.80262706,346912.805
1730.968594,3,3,1,7.827720254,3.998350915,354459.5242
2736.960519,5,2,45,6.895485834,8.939751216,581787.8526
3448.512426,4,1,46,11.93001702,2.185350062,726761.8822
3480.690003,4,3,17,23.62094444,3.506821429,712917.2944
2318.108191,5,1,34,27.32950059,5.218426005,440044.0257
1825.908852,3,1,43,0.938775837,6.327982833,410647.8548
2777.523515,3,1,13,4.953243821,3.657557635,618195.9128
2480.610693,2,3,17,28.75803867,9.170430805,513747.6328
3478.819555,2,1,31,17.78373875,5.066621484,701952.9365
1630.608414,2,2,21,16.54230807,1.903036007,354561.2989
3066.468877,4,3,34,24.40631038,8.371465892,636990.6721
2076.796995,4,2,45,1.193498941,9.689085062,431353.4013
1982.83724,4,3,1,0.415087535,4.116948851,466632.0551
2825.009143,5,1,5,29.02482149,5.991792261,538980.4947
1992.12637,2,2,47,24.85712057,6.247635425,368656.6905
2831.718235,5,3,38,22.42145345,8.214588269,559858.7413
2534.617034,2,1,31,4.671023104,2.366544465,486020.1504
2348.177977,2,1,28,14.29811769,8.571286576,498359.6402
2609.375617,4,3,38,28.11880616,7.494485511,523640.3441
2074.10304,3,3,48,28.00798787,1.314280863,399380.0304
2913.149413,2,3,4,0.277413209,6.102236541,603519.6598
2329.713739,3,3,37,22.57474227,1.252303904,520832.2653
2221.091121,5,2,7,0.187132993,5.467959526,501787.3472
3157.313829,4,3,3,29.52905183,6.39471806,664512.3649
3349.933824,2,1,21,12.50901606,6.713917351,719683.538
1592.014622,4,2,21,29.20556274,9.341908018,386000.7344
1965.253986,5,1,26,11.03240427,3.67351317,423391.4771
2197.038739,3,1,2,8.795618717,8.601092738,510517.7738
3129.932959,4,3,28,9.488758915,5.06999092,626710.9483
3470.982855,4,2,47,21.920372,7.002458736,691867.8677
3437.943409,2,3,32,5.990185018,8.271490806,710015.9931
3309.896691,3,1,37,25.92173075,7.516370493,603346.5382
2093.11253,5,3,33,17.71718081,8.1595053,488226.8256
3484.022487,2,3,35,29.09733078,6.724625565,664645.2176
1998.840082,4,3,32,29.6125471,8.20702548,439857.0709
1711.81231,4,3,39,5.555460039,9.181121291,377655.6915
3401.905222,3,3,17,28.67346161,9.139769574,721256.2945
1966.840511,5,3,9,1.396154591,3.950993976,485371.1226
2879.53653,5,2,35,0.835911724,9.747755446,673144.2863
1616.712718,4,3,44,28.31593732,1.519002967,298541.4007
2961.418198,5,2,22,28.87190212,6.547624241,593406.7336
3263.440425,2,3,5,4.41743018,5.457021019,710372.8965
2044.873791,3,2,22,13.27247446,3.074284631,428437.9675
2258.113792,4,1,9,14.82277584,5.816332437,458796.744
2248.592367,5,2,1,25.8084371,1.593591937,476098.6068
2997.576515,5,2,43,18.8375173,5.983427418,580601.8038
1975.614485,2,1,5,23.23699273,8.690188977,407965.438
1843.706198,5,3,42,14.55290536,2.268751713,377747.6035
2398.583297,2,3,4,19.45241107,3.928169681,514306.2832
2108.936815,3,2,7,22.0622808,6.680109439,458251.9459
3178.378245,4,3,19,22.13643852,4.233711508,695016.1418
1975.483652,2,3,38,0.052134804,4.735027244,396066.819
2504.778915,5,1,13,2.997242212,4.046058083,549908.3592
3385.167199,5,3,11,10.90981323,5.34402906,718115.9214
2767.995395,3,3,23,1.835923413,4.358763584,557808.7943
3234.578811,2,2,38,11.48969107,2.298234909,675094.5038
3380.419379,4,3,11,11.68700545,2.789315166,755615.5789
3001.529724,5,3,40,27.60700612,1.71321931,598226.8035
2899.15012,2,2,31,17.01215565,5.208913609,580263.2973
3435.931133,5,2,3,21.19053842,8.608635411,757164.4151
3488.801579,4,2,2,26.61596046,1.81495975,711590.3804
2403.643365,2,3,7,13.26387962,6.928529478,483195.9541
1641.739556,5,3,2,0.058864338,4.782008444,398198.038
2085.588063,4,3,25,8.560080739,8.842429194,438563.8249
1804.709411,2,3,46,24.424761,4.269821912,381755.6566
2334.97275,2,3,5,27.05523509,7.249990499,534473.1907
1762.578657,3,3,16,10.54528743,4.592010039,386069.1223
2708.235608,4,2,8,8.819737589,5.877535969,643534.4878
2265.616118,2,2,17,27.73515633,7.974510773,461265.0108
3290.771769,3,3,28,10.53221208,9.710713751,696806.1057
3435.589344,2,1,14,19.56735564,2.213987028,672291.3293
2593.769803,5,2,6,8.409277052,5.761873548,563560.171
2049.64714,3,3,13,2.937563964,2.190417781,450238.4909
2684.460838,2,2,28,15.03708935,1.274533481,541007.4973
3293.522316,5,1,3,27.69695511,7.731555582,658800.3964
2313.466692,5,2,44,18.55922262,9.84944187,467386.8299
2604.156553,5,2,38,6.264798744,6.358629548,533133.7435
2043.305535,3,2,47,20.4728872,1.651893805,372872.9315
2410.888299,5,2,4,23.05083432,1.55555181,483992.2606
2303.427071,4,3,0,9.622816857,3.830926273,480241.0592
1996.82693,2,1,11,16.77628204,4.427956544,431637.3298
2511.732768,4,3,38,20.45859394,1.034798358,494845.2373
2120.761652,5,2,6,4.810594361,8.584146128,510193.5431
2246.069728,5,2,20,28.92302819,5.217217897,509127.5415
2549.940885,4,2,6,13.53755884,9.961369139,564463.1372
3001.190046,3,1,16,29.38993171,8.957322416,621534.0911
2167.014932,5,1,0,5.687215975,5.50698677,530092.427
3348.317533,5,3,3,14.51320639,6.643523149,757080.198
3224.637094,4,2,5,4.97560961,3.830967993,669553.0048
1597.380592,5,1,47,0.305424672,3.73020494,374824.6571
2007.285049,5,2,39,7.136255177,2.17184466,413965.2487
2392.271025,3,3,16,12.09562011,5.908601947,536549.3159
1709.255777,3,3,25,12.93392213,1.735041386,379147.5598
2196.951978,3,1,30,26.59515465,5.021736933,442977.1302
2980.195051,3,3,27,19.07031792,3.895519779,600554.8868
2861.028962,3,1,11,13.03324966,8.114800019,612519.515
2744.768857,5,2,40,29.63993099,4.433010524,569409.502
2921.056805,2,1,0,18.42672995,9.113457717,622647.1383
1909.847374,5,3,33,9.67988895,2.705773871,412213.8531
2183.39623,5,2,25,20.73932644,9.374919167,512650.8149
2852.484965,2,3,14,14.87099768,6.339579801,611382.5969
3258.469526,4,2,48,26.43503082,2.08217442,634831.7315
2587.356108,2,2,34,26.89533786,5.519351534,508354.4301
2065.399302,3,2,40,11.020512,3.411263687,402210.7608
1560.470516,5,2,43,16.87017153,7.741328473,331966.3514
2920.673658,3,3,38,7.973203321,6.861784949,628668.7593
1515.768207,2,1,19,18.79910255,1.564628602,300801.8571
2245.35814,4,2,42,29.77040887,4.757915979,430556.2257
2561.074429,4,3,34,24.97765553,8.984225828,516243.2318
3344.222924,5,3,38,10.99229701,4.670442934,728084.2924
1678.98909,2,3,21,2.86141056,7.692675055,356514.1172
2311.884644,3,1,20,29.00045962,2.020443141,420003.8579
1548.626399,3,3,26,11.68754336,8.802249642,328751.1755
2185.221969,4,3,35,8.801426798,5.52188587,448113.1923
2744.462118,5,1,27,9.490061787,9.528149514,595253.6466
2058.135896,2,3,3,14.697701,5.835890547,456116.7157
1919.499899,3,3,25,28.70254196,7.923031155,445270.0404
1731.406467,4,1,7,29.59866964,9.749025063,407761.0403
2654.280488,5,1,4,8.883801821,7.564123089,620250.4659
2890.540012,4,1,4,10.54406123,6.195460027,650942.2324
2843.914281,5,2,9,15.3541968,4.300373256,627365.504
3397.722041,2,1,4,0.245618659,1.382725788,730661.5134
1505.406428,4,2,33,5.245096897,4.892911382,272696.6771
2794.393308,3,2,49,28.08177062,4.712324121,574651.8554
2700.784474,5,1,10,0.883057112,8.407560319,610219.6158
2677.47922,4,2,23,3.029288392,2.703274356,574201.4316
3425.54064,5,3,48,12.61941051,7.683803668,657618.9506
1533.743347,4,3,32,21.94350747,1.338072516,300617.7976
2892.964861,4,1,13,8.066346912,8.977287953,607918.3284
3127.357299,2,2,21,9.178967717,7.011483365,691144.3491
2519.614393,3,3,28,9.164189404,4.801994085,550077.7046
2167.929739,4,2,23,26.1780578,3.389569499,454561.5551
3081.680326,2,2,48,6.782928187,2.659609361,597221.9622
1694.485851,5,3,5,16.87205478,6.270806221,406582.5989
2384.071275,5,1,2,29.99793441,4.692148075,525035.3704
2539.904749,4,2,0,21.85396485,7.687206033,592380.0231
2887.912822,3,3,9,10.09051966,9.160970963,618915.6096
1681.771464,5,1,7,22.96376911,3.660863914,363596.8642
1955.519003,4,2,29,28.61747122,6.849103215,428264.1152
2320.603125,5,2,21,11.20613421,4.804499732,515095.4633
2746.589346,2,2,16,21.2403372,1.384650937,561592.9222
3273.921562,4,2,14,2.274127894,6.538894057,680844.9811
2737.652336,4,1,19,26.8589051,4.273323092,539412.1085
1766.922942,4,2,37,2.887701739,1.123534408,390454.8418
3461.160266,2,3,26,11.18775289,5.25051983,696145.9117
3243.57147,4,3,12,16.27517529,1.825020108,693692.2638
2505.441522,4,3,15,7.907329274,6.65352692,507191.7824
3344.695964,2,1,19,19.47807978,5.738467289,677177.6481
2582.761588,5,3,18,16.63286182,5.503138688,573810.9401
3346.612136,2,2,42,21.51555721,9.431912876,631549.3235
3159.794737,3,2,2,10.62418095,8.923846408,698902.1486
3436.572821,2,3,16,16.38041669,7.4254057,674516.5021
3339.565622,5,1,11,24.36556201,6.197866396,744200.0667
1572.067635,4,1,35,24.32089038,3.271323823,340733.2286
1849.544008,4,2,9,21.42719925,1.073464907,398630.4997
2278.269354,2,2,9,16.25807669,2.076712662,471003.6069
3404.285395,3,3,30,20.19783302,3.88264807,691688.2758
2100.057839,2,1,22,2.606408703,2.770550613,464635.6476
1820.935288,3,3,42,14.13951602,6.130034402,405634.1667
3272.609332,2,2,20,25.80430501,5.814548357,702580.3489
2392.788831,3,2,41,18.22094465,4.508123004,527215.6591
3315.751189,3,3,19,28.25049317,8.20490073,701389.6786
1820.460933,4,1,4,7.865355639,7.580414313,447465.8093
2822.235023,3,2,46,2.889054063,7.190945793,618532.3239
2380.527506,4,2,15,18.79840307,5.524077227,522379.7915
1652.973538,2,1,33,2.727777895,1.391007065,358041.9361
2892.926289,2,2,0,23.4640609,4.852249562,612490.4136
1994.797511,2,1,47,7.702272244,5.492636511,400137.2091
1579.231045,2,1,15,16.16255575,5.030628367,304782.9045
1619.888596,2,2,13,24.34131121,1.04027164,317404.4594
1622.157074,4,3,9,23.64106106,6.871859729,409538.617
3315.465915,2,2,49,14.87925081,3.316534978,659709.1788
2979.767836,3,2,42,29.2753924,1.401929419,568273.4305
3296.124714,5,2,10,14.92899471,5.531217484,733727.3696
2845.164623,4,2,49,8.363742501,9.284926444,588675.3076
2557.879858,3,3,39,9.072937337,1.26496255,537504.044
2108.892729,5,3,34,22.30928172,1.123674338,465045.2514
3495.924503,5,3,39,13.11321117,6.289732782,746538.0705
2224.378118,4,1,48,12.56365454,5.886876136,442910.627
2441.297898,3,3,44,0.614597858,1.141357137,500387.8598
2256.49035,5,1,44,9.158344813,1.927618756,482528.5332
3459.053859,5,2,42,25.8114924,8.527551781,708326.4254
1849.316771,4,3,1,24.10513495,5.073746018,413314.5846
2155.976002,2,3,8,22.3953258,2.1194854,479900.0198
2860.697332,5,3,0,0.6938516,2.403284357,686449.9906
1626.415237,4,3,11,0.809708743,6.502804624,375137.6656
2714.498748,4,3,26,9.343948782,3.957993953,570876.6908
2455.293006,3,2,30,14.23359817,1.231347088,482294.1558
2067.999954,4,3,43,27.29223804,6.724166466,427725.8279
1976.826562,4,1,42,11.53889448,1.291176334,358859.8532
2529.025487,2,1,19,8.655750086,1.992519536,499730.7685
2235.855161,5,3,21,17.13458905,2.428914236,496087.2948
2413.039783,3,1,47,27.44082899,2.289501203,460937.7321
2174.954764,4,3,1,22.15916134,7.854066517,501445.7306
3440.987387,3,2,18,25.69998846,1.841009103,684609.8225
1766.878863,5,1,28,5.465929348,2.337774322,412693.3084
1693.607906,4,3,11,3.769933359,5.023140121,404344.8743
2186.783458,4,1,49,16.32213401,2.260753218,429373.5845
2682.053802,3,3,39,20.92112477,7.722424248,528266.3084
2818.352944,2,1,9,28.64964144,5.389712656,554828.9414
2294.513494,5,2,24,11.14603225,8.916790566,494899.095
3498.555988,5,1,4,10.39670557,1.343042877,753289.5772
2203.785992,5,1,26,15.47562894,8.696785495,466485.33
2942.813336,4,1,43,20.5481381,2.38429859,597395.4622
2775.165389,4,1,21,16.98071331,9.330712623,585144.3045
3126.107726,4,3,14,21.6909208,3.934369985,670098.3537
3452.451327,3,2,29,11.40944811,5.597047344,723806.7458
3279.587313,5,2,1,25.86592891,1.213246687,733781.9061
3029.123949,5,1,14,5.489267808,7.562250193,664082.4744
2896.496956,5,1,0,9.477139285,2.923941569,628995.4301
2170.996339,2,2,15,23.21032991,9.249550683,472553.7025
1795.371156,4,2,33,10.07016762,6.956083411,360305.2803
1625.272006,5,2,32,20.04463807,3.55257231,370705.1977
1983.803408,5,2,37,8.633928278,3.348177303,367390.0109
2364.562962,4,1,5,5.613130273,2.53431292,488317.7132
2543.992547,4,2,30,9.021976919,8.216834531,514974.133
3046.167108,5,1,41,26.60979891,4.946290741,647614.6768
3417.481846,3,1,47,13.82649386,3.492510503,624421.5657
1734.640961,3,2,9,6.762454612,9.575375609,397814.9962
1714.00828,3,3,7,9.643157675,8.22016749,395565.0974
2679.389446,3,1,30,0.083128699,6.276727095,557827.8153
2990.796148,2,2,21,22.67424863,8.222037901,599291.4668
3196.300761,3,1,30,6.770323573,2.081140696,687018.0452
3371.66416,5,3,41,17.93763121,7.049473989,741894.2364
3466.852485,5,2,8,0.753286145,3.917364175,735242.3455
2299.603384,5,1,1,25.03495296,7.187580755,529073.7944
2260.670367,3,3,45,5.623342609,9.654914165,451160.6369
1795.617353,4,3,21,0.143051333,8.023236316,399832.0759
2869.868877,5,1,8,9.035634251,6.090029535,637422.6091
2813.523917,3,2,45,27.61461357,7.709798874,537692.2541
3224.125192,2,2,49,7.878426541,5.214985002,647233.1166
1694.51599,2,1,0,15.10436514,3.519506608,376870.3074
2495.553816,5,3,27,12.21689533,1.36570636,516278.7107
2662.163859,4,3,48,8.82747775,7.094827407,498676.7109
1983.11408,2,3,25,27.82060736,2.283322912,409527.8748
1838.050812,3,3,29,23.66984724,5.134131648,391613.5119
3219.161673,3,1,7,22.85739946,7.000790886,696740.5097
1617.069844,2,3,26,15.78321373,9.021646054,324974.8377
2441.241808,5,1,31,24.74585021,6.484272735,506723.4679
1731.668003,5,2,14,13.75285975,2.959522114,356608.6833
2414.117523,2,2,19,13.95568651,5.266500903,521476.8803
3459.924653,3,3,8,14.8132219,7.00858062,763986.6446
2347.412707,4,3,39,7.107306757,2.757857701,539388.5122
3214.249835,3,3,29,27.70955578,7.589546161,660874.2294
1734.631128,4,2,23,7.762520246,7.874418135,384097.5668
2042.504154,4,1,13,5.944784998,5.702764221,445333.1922
2307.585481,2,1,40,7.3125538,8.729211155,470967.7532
2299.62428,5,1,1,24.5205635,3.022658543,499064.294
2842.766957,4,3,25,23.05636913,5.839637442,600696.5137
2189.436255,3,1,24,12.81320425,9.047477654,484420.0855
2927.533737,5,3,30,0.413457139,7.337363598,561808.452
2778.373798,5,2,41,29.272051,8.261868822,545563.8679
2298.322291,3,1,16,3.975929325,2.998837201,478318.9035
2363.520255,2,3,11,25.5426803,6.155025231,493194.0086
2729.0554,5,1,39,23.4516926,3.916384439,553992.6368
1640.08438,4,2,7,28.14227345,6.930247899,358516.9967
3144.813477,3,1,38,23.20195617,5.703486822,587951.1031
2806.842322,4,1,21,9.941147725,6.629399246,581298.2638
2952.684929,3,2,24,6.957421302,6.559030219,613400.4619
2573.846002,3,3,37,11.33072461,7.627922387,574499.2333
1720.954222,5,3,43,6.092615116,8.189940581,371497.1202
2310.071227,3,3,36,21.58724243,1.556899916,476374.8807
2310.747166,5,1,32,24.79555897,9.535391647,482536.5587
2142.08598,3,1,9,19.39316677,4.658004212,476639.7472
1559.90065,5,3,49,5.582781939,2.53087311,339189.1629
2974.508485,5,3,40,1.121541331,9.297821068,624114.0139
1719.568916,2,1,16,17.41203801,8.055922738,318777.719
2712.616266,5,3,35,13.88019315,4.783184285,571972.2813
2906.434993,5,3,3,5.991117846,6.39923063,649688.5721
2769.572646,5,1,39,11.04251707,3.035775353,553437.5564
3418.284504,2,2,37,16.24398767,4.718172949,674886.7839
1706.59631,4,1,3,18.98751337,4.608459686,451241.1096
3234.334318,4,3,40,14.29931333,7.786363955,660125.1424
1558.38047,2,3,35,29.14178465,4.885506959,280192.1151
2569.83371,5,2,1,1.386792014,7.793841597,585835.4066
2308.487236,5,2,3,19.74623739,8.110714854,545841.6563
2548.367721,3,1,11,27.28673705,4.470578754,452357.1629
2230.199754,4,2,3,7.096926333,4.960569982,532753.4291
1881.13383,5,3,46,6.411215642,5.686443944,388411.6908
1538.245795,5,3,12,22.86698422,1.031596264,347347.7183
2536.299628,4,3,32,14.59121382,2.755495002,528474.9958
3185.553725,5,3,39,29.7653252,8.624234325,626323.9538
2246.431911,2,2,0,17.67370861,7.848462723,469584.7146
1945.727636,5,3,47,27.703258,1.694364224,460645.2972
1661.064007,5,3,23,0.36631559,6.714078986,416584.986
1670.621846,4,3,7,4.636188614,1.186618178,369117.0622
1942.792893,2,1,1,20.53257134,5.807833022,421588.8008
1700.028122,3,1,34,12.4939911,2.453334654,343023.8437
2030.079397,4,3,13,25.07893708,8.681071123,449198.2105
1632.298924,3,2,30,12.86694278,6.533336997,335453.8248
1631.209734,3,2,21,21.38990089,1.57584036,338257.1296
3212.552359,2,1,17,16.98480051,6.771284746,656406.5722
1824.240521,3,1,23,3.59710702,9.0297839,367259.3621
2619.364812,2,2,35,21.5385362,7.60335762,565065.2307
3046.911089,5,1,33,21.19115404,2.036820769,559060.4073
2412.819131,2,1,6,3.471544536,6.985839377,497498.2145
1806.737756,4,3,24,16.85734373,6.496324124,384857.6664
1899.192284,3,2,34,10.06950053,6.682166776,393093.5742
2365.968413,2,3,40,13.76549346,8.156459176,458218.3629
2556.468178,4,1,38,12.68276079,3.739772253,572096.2033
2198.880584,2,1,9,3.143232127,4.199216746,450357.783
3062.9592,3,1,24,4.740689589,2.816345237,615650.8339
3002.043298,3,1,29,2.604258484,5.114584748,596900.3551
3354.423615,4,2,5,5.773410408,4.688590255,753449.8955
1557.905098,4,2,48,25.57333159,1.756916589,294331.8742
3291.382582,4,2,48,0.735679478,3.183458629,664836.0193
2285.137577,4,2,25,12.94851751,2.079348247,464727.749
3256.744991,4,3,4,24.02809166,5.990575576,688060.5098
2881.569552,3,3,46,3.007746136,2.685398736,572344.6733
3474.697514,5,3,38,6.831407705,3.930419792,755651.1356
3018.564903,4,1,0,21.82319123,8.353480022,664352.3867
2229.089252,5,2,14,19.42657298,6.146642982,516296.473
2502.126346,4,2,9,16.8907151,5.676249631,561232.6895
2252.77831,4,2,36,5.149224499,9.499264699,464428.2602
2229.823672,4,3,47,23.83593036,4.936162517,429548.3147
2021.808999,3,1,28,4.242423356,8.952769761,447623.5874
2491.940591,5,1,15,4.043936842,6.200686046,574323.0067
2863.47989,3,1,2,23.85105133,4.648019335,595276.8141
2054.680543,2,3,36,11.07669984,4.114648669,415478.7839
2548.759622,4,2,7,9.378513478,9.130401849,547506.6938
1734.760588,4,3,17,8.360161539,6.08720822,413712.6139
1819.690574,5,2,31,9.749163191,3.26542208,391676.3201
1593.612709,3,1,43,10.21762799,5.675219748,330029.0009
3441.462886,3,2,41,20.89103081,3.247938042,698611.0427
1507.720703,3,1,15,7.207866035,3.166020071,303728.3147
1857.159936,4,1,28,9.759793604,2.162272167,367421.2278
2725.733506,5,1,42,23.28634525,7.203783284,578038.3351
1662.739198,2,2,31,27.3945172,8.02939247,332853.5942
3263.793006,2,3,22,18.38507911,3.912507756,691693.9248
2939.240316,3,1,23,3.153546884,4.683669857,617974.7319
3432.779943,5,2,4,16.24753982,8.137612826,756450.237
2515.271094,3,1,0,18.83336623,1.146728795,531860.4309
2100.807366,3,2,17,9.42158091,3.995478595,443329.2471
2599.001146,3,3,6,24.84001119,3.768349457,531624.0705
3361.637435,2,1,4,23.46236432,5.891065256,687370.6514
2541.522874,2,1,11,17.2592012,9.053823157,507874.6388
2034.414064,3,1,32,4.350467683,1.364650625,424123.0721
3254.797578,5,3,16,20.92144397,8.584942198,743467.8811
2243.837497,2,2,2,26.86045992,6.014150252,531489.0193
1502.7667,3,1,10,7.503033293,6.289002339,356230.4196
1995.370045,2,1,39,28.76057687,9.61269073,399564.82
2136.467018,4,3,38,23.13907191,2.154547958,445803.5345
3217.554936,4,2,39,9.009647243,3.489792085,717162.7523
2417.006334,2,3,0,18.50463372,3.070466287,500387.6952
2389.174576,3,3,9,9.235437962,5.219559621,535170.7309
2172.204533,2,1,11,2.984036283,6.21846874,459587.2834
3261.356246,5,2,44,24.72446009,7.550766771,661523.8739
3390.053554,3,1,17,19.97421104,1.477352858,661476.8601
3483.780658,3,1,36,18.42001954,4.835164781,697357.6752
2253.482534,3,3,41,4.265186421,9.318469012,500129.2415
3432.294891,3,3,47,11.3213134,5.163334968,689927.6796
3083.759139,5,1,5,26.2990824,8.358604473,704330.2515
2851.378295,2,3,41,4.899133823,2.007818261,584302.2045
1989.778959,2,3,48,1.43708661,3.607135009,400276.8179
1932.914522,4,2,38,5.734544307,7.618572003,424801.4709
1832.095649,3,1,36,7.505400215,6.592188134,357435.8949
3345.51322,4,1,4,23.50927571,4.988373963,661250.7953
2088.153325,5,2,49,19.44424414,7.020226002,451496.8511
2406.188491,2,3,11,0.520282404,7.93871473,498262.3662
2487.915668,2,2,39,0.518689582,9.077578383,490183.7896
3056.343191,3,2,29,17.00689286,4.96319601,588928.2842
3188.469923,2,2,43,18.99877327,6.783487288,599563.1434
1778.145402,5,3,45,3.762656427,4.433142522,418750.2932
2353.80872,5,2,11,18.31386456,9.343448784,523765.3754
3185.709776,3,1,42,7.210557313,5.326153235,660825.0444
3136.066612,4,3,32,10.10164027,4.694706916,645398.8215
1704.827517,3,2,1,12.26494741,9.45524132,394855.6176
1812.766698,5,2,44,3.485843887,1.017651537,401259.7218
2108.397383,2,2,47,28.89280816,3.987739816,462306.2251
1650.718138,2,2,34,29.21293361,8.543850126,281956.1732
2349.326006,2,2,42,13.35005067,5.063035143,453954.9869
1715.23541,5,2,42,7.723994342,4.135477468,360732.7978
2636.435187,4,1,44,28.7578334,6.290347727,559067.7388
1993.11388,3,3,10,24.5417219,4.642082353,417667.5689
2692.866131,4,1,42,21.72685817,3.965532544,561050.8296
1735.051286,2,2,40,13.85435362,3.393759745,348819.4915
3451.767737,3,2,46,12.31736104,3.81740925,659709.0069
3365.122408,5,2,39,23.38047817,9.317458265,697595.2242
2283.593877,5,1,15,15.58841033,9.637056383,493979.6051
1984.357188,4,2,45,19.81746416,1.88947537,396440.2513
2000.796426,3,1,26,16.98578945,7.618724946,381825.0033
2466.78707,2,3,41,21.36556221,6.919864189,482624.0166
1579.985604,4,1,40,2.823150122,6.678717989,274210.5914
2779.410212,5,1,44,11.32863278,1.295590111,550840.294
2316.605817,3,3,48,5.012675655,3.461085241,469964.4321
2254.813145,3,2,16,7.261317001,7.714925831,516059.7893
3118.729943,5,1,43,6.024728296,5.462261461,705157.9185
2918.07092,2,3,28,15.09966898,1.214995107,569482.0839
3408.667631,2,1,0,0.569789655,5.738639994,721061.3612
2203.872481,5,1,44,28.91902806,8.630243928,415299.5562
3295.085529,5,3,2,15.56891479,8.905782285,712397.5202
3039.934373,2,1,22,1.577145426,9.087633594,620839.9419
2214.849303,4,3,24,20.46161521,5.745991464,460989.7589
2743.330873,4,1,44,8.066641503,5.202708307,585859.9356
2077.139915,3,2,19,3.203027778,3.199101654,471747.5278
3248.799834,3,3,30,24.90911058,8.794698151,643764.7192
1724.854634,4,2,13,5.937228087,8.198714578,425462.5279
1924.868723,3,1,7,3.142628066,8.772173777,415610.3689
1866.066584,4,2,19,1.707193578,3.033504691,364932.6993
2306.052005,3,3,35,21.85673231,1.881126389,489998.2439
2990.46592,4,1,29,19.65813742,7.286005615,584571.5507
2553.814898,3,3,20,0.245974218,9.218360593,511140.8972
2475.352647,3,1,8,6.644416213,9.24919089,566463.1513
1501.09193,4,2,10,21.14046093,5.757683241,328013.5179
2350.803451,2,2,41,4.564225641,6.778946971,472474.8922
1627.10755,4,3,34,17.30252349,2.008730736,302224.198
1916.506504,4,3,46,6.394694003,3.477590069,408229.2291
3364.787878,5,1,11,13.47702854,5.839758798,728709.301
1930.796409,2,3,8,26.02269185,8.926919973,402721.7577
3216.675277,3,3,21,9.077892819,5.357257554,663949.1278
3105.786743,2,2,4,20.5791717,6.334374197,601806.2149
1818.292474,2,3,47,13.14843698,1.499827918,350278.5136
2711.423915,2,3,7,2.884657629,9.681885936,603202.8478
1731.323744,5,1,21,10.81904981,5.431845005,367437.0354
2955.776317,5,2,22,25.23840199,2.442433858,649335.7876
2774.924555,3,2,6,29.19138727,4.050738751,531529.1327
3123.877123,4,1,19,25.35245012,5.619766059,662915.6325
2458.769099,2,2,43,4.866851723,2.246628782,506480.5321
3329.726176,3,1,6,10.36527895,2.769821421,735853.6749
1598.697894,3,1,32,24.93564476,9.243072143,351852.4919
2085.77713,5,3,37,16.61687803,8.852973312,414315.3631
2930.105195,4,3,22,23.28557391,2.100718971,644325.2282
2336.218423,4,1,41,23.333498,3.510981149,459167.0182
1845.902709,5,3,21,2.132637019,6.720259075,427518.1732
1714.421491,2,3,11,10.27219697,3.33778283,341475.6497
3134.678223,5,2,43,14.37064516,1.018754909,655097.3155
2446.285957,3,2,3,28.35674165,7.3109311,487236.5347
3264.567344,5,3,32,26.94686403,2.737707164,693979.5941
2966.578269,4,1,29,12.69095949,3.92459989,653764.4023
2319.452411,2,1,21,2.869977825,3.55542792,463733.4633
2247.022028,3,3,17,12.13626861,2.371322781,477240.9555
2531.276693,3,3,5,16.07709998,2.221165945,525587.7261
3278.119906,4,1,47,27.13191574,2.304221457,627737.274
2974.557159,5,2,27,8.846378014,9.707425168,660648.7448
1510.305929,3,2,1,9.26592437,7.54165795,354295.1328
2888.315703,5,1,33,18.81549704,9.460678405,606273.789
3339.014814,3,3,40,15.15574665,6.143859373,711014.6063
2920.911519,4,2,43,5.876068772,3.979078832,606509.4112
1854.011563,3,1,39,4.341817465,2.475341651,387499.7937
2467.036255,3,3,43,14.68491629,5.350206659,464333.923
1780.632036,2,3,37,23.38172869,5.440586594,355316.021
2217.990557,3,2,30,23.36493755,7.997228442,481397.8449
3374.234084,4,3,18,29.27411062,5.755955352,700661.4388
3346.610615,3,1,15,11.48154594,2.753653117,699686.8389
2065.673704,4,1,45,11.7596798,8.327716325,405784.0948
2179.262088,5,1,40,0.054584843,2.331244126,471354.8987
2700.425736,4,1,29,24.89752096,5.760226097,558998.1453
3426.394591,5,3,4,19.39885332,1.382222779,714411.6458
1795.602668,3,1,48,23.09766356,4.322628497,316543.8254
2013.833287,4,2,42,14.118696,7.046858542,400212.0536
3247.113655,2,3,20,27.60580466,2.248376573,661337.7471
2483.784463,4,3,16,0.873413935,5.723919929,545992.6213
3297.922184,5,3,21,3.458435482,5.84955252,678679.243
1871.035795,5,1,2,11.28052005,9.184196012,460835.0318
2565.337175,2,3,20,2.553177243,5.199664363,512955.3242
2152.539265,4,1,45,2.636636459,1.705157958,455092.2975
2133.08512,3,1,24,17.00618038,2.313435645,449818.6959
2393.753928,4,3,43,6.483660587,3.480477761,525100.1567
2366.154898,4,3,20,18.79605632,8.190586158,482296.3148
2214.693759,4,1,45,27.88199466,3.295974957,493814.8181
3329.941541,2,3,15,24.71646629,6.484863626,701531.6128
2963.488371,2,3,33,7.452911627,1.705435207,559291.9614
2955.093983,2,1,24,2.689887783,2.819308776,610797.0247
2079.826899,2,1,24,28.50577405,6.572285432,424727.6023
2655.418849,2,3,40,29.83487794,1.883248784,479428.7023
3058.358867,3,1,27,11.23484698,7.439883312,646113.4406
3091.180737,4,1,3,13.82031783,5.041901823,695119.8177
2189.060922,4,2,19,4.36000984,3.516177262,454735.1191
3041.745513,3,3,12,21.30542378,8.86510227,640596.2529
2971.787794,3,3,44,12.65500821,7.058423322,588757.0189
1783.012971,3,3,10,24.09045436,1.577659441,342207.8158
3231.890937,3,3,9,17.31890134,7.031778741,655888.9136
2382.64294,2,3,28,1.283514275,2.785413129,473852.1561
2472.820898,4,1,46,10.04863622,9.282330213,523179.4246
2396.738358,3,3,31,24.25788512,2.383587905,517342.5228
2635.692003,5,3,23,20.64341644,6.550206007,562967.2941
2742.338495,3,2,13,18.97595842,3.181658537,557139.0549
2496.359132,4,1,5,20.17513927,9.479498338,563278.2537
3233.577087,5,3,45,18.15110627,3.92020476,639919.7503
2755.469512,3,3,40,19.2337298,6.306729068,548981.3951
2302.855899,2,3,7,18.61263314,2.165584387,486452.8695
2333.383514,2,3,41,16.00283819,5.314348502,441695.7705
3121.67723,5,1,46,22.73241376,6.479526603,638739.3649
2196.383885,2,2,16,11.08477691,7.936265702,413353.631
1922.909592,5,2,39,14.25715016,6.013607444,454197.6913
1618.766376,3,3,35,12.04348671,7.332389669,378586.9758
3252.053696,4,2,42,6.276314734,8.731733543,684153.2039
3337.092902,5,2,28,9.656668875,3.687010704,756118.4695
1740.240364,3,2,17,1.650452328,4.061502405,372719.9714
2168.947483,5,2,37,9.765829018,1.26616466,449040.2145
1850.744139,4,2,1,11.71749279,5.988356316,439684.8421
1731.796938,2,1,17,2.801522929,9.743778355,373370.6005
3299.733486,2,1,30,6.613653891,7.624924294,652475.7495
1613.754518,5,1,34,7.486252423,9.933269684,340888.5126
3460.971327,4,2,3,6.824106246,5.089168687,751957.9427
1692.901721,3,1,33,10.50665105,7.727262206,326727.9829
3226.941298,3,2,43,4.346283152,2.45087445,667537.9478
2633.012214,3,2,25,21.94504071,4.79805818,538709.054
2235.834976,5,1,1,10.27964566,6.792524854,515875.9268
2184.684753,2,3,34,3.670957021,5.052808522,492328.6163
3014.728286,5,2,49,17.80799344,1.267499657,641219.2064
2129.14659,5,2,39,5.389445254,3.851583486,472140.3232
2814.637833,5,1,40,1.74168962,7.084609813,588326.7988
2534.652167,3,2,18,4.898764261,4.556743485,579686.6913
2469.93129,4,2,41,12.59984436,5.035644501,484365.8223
3302.324341,5,2,21,20.80526916,8.705612586,689820.2142
2609.290117,3,1,47,19.24502654,3.424517473,538658.5524
3153.723206,5,3,28,0.156179381,6.543384531,653685.4431
2951.147068,5,3,1,23.79871958,8.611935012,626427.1286
1577.114492,3,1,41,10.07063335,8.264355643,370555.3571
3046.220105,4,2,38,20.39147073,3.148512998,613357.9998
1933.7405,4,3,12,0.980195151,1.459807936,480241.1305
3306.299294,2,1,15,11.8136473,3.491450113,643173.0924
1585.848381,5,1,28,0.58831504,2.587630647,311679.2538
2166.144069,2,2,25,24.49036605,1.249396745,473512.127
1699.465894,3,2,22,5.609015415,3.739254791,345024.799
2451.178234,5,1,27,20.23643723,5.68730251,502278.8634
3140.044872,3,1,13,8.311984882,6.852870807,663604.2709
2096.374719,2,1,33,4.06053343,4.401057097,411412.8914
1801.869795,3,3,14,27.90886017,2.838546302,410872.4036
2160.534071,3,2,8,17.85073847,6.123754299,458549.2199
3127.760284,4,1,4,26.71893142,7.771296753,692829.6677
1780.767916,5,2,46,9.19798205,7.25456519,400205.4506
1954.724898,5,3,21,24.89506001,8.712861013,432344.3701
1637.703929,5,1,45,28.25047,3.374803222,309126.4842
2911.420088,3,2,28,11.8555148,5.52708849,600425.2592
2290.466487,4,3,22,27.12393154,5.395936634,477774.1537
2121.679954,2,1,14,10.05257228,3.894243246,455609.4726
2937.252781,5,2,0,9.737999974,7.17778888,645376.7762
2171.955085,3,1,37,29.87198017,2.208107843,364340.7093
2955.542546,4,2,9,28.57231345,8.246342194,643534.968
3130.398791,4,2,33,6.858550379,1.329572567,673088.8349
1935.325687,5,3,40,25.11606081,4.493618641,358983.0054
3447.637394,4,3,40,10.27373633,6.46588311,735331.7577
1824.715896,4,3,7,29.37730122,4.819276784,403433.2348
2081.681813,3,3,26,25.49452886,6.901229311,391483.7351
1859.590582,2,3,29,27.14757904,1.349205534,346924.769
2191.011313,4,2,17,17.21020534,8.804444569,449586.1398
2460.121776,2,3,10,8.82454057,1.698914142,545591.6033
2544.351738,4,2,43,5.925750191,3.589716899,514952.2212
3207.212085,4,2,33,15.83615762,3.640320243,703641.2674
3278.895818,4,1,1,20.14547176,1.106322735,697487.2091
1940.207722,5,2,38,22.25365905,1.846214925,390117.3558
2745.788064,5,2,19,5.111496377,8.666955362,554493.2646
1722.992115,5,3,29,16.07663978,7.98233363,384234.8993
2417.93972,2,2,6,13.0832946,7.641941315,529357.4869
2144.667076,2,3,5,6.246726329,7.203665828,467459.0097
2133.001491,5,2,4,16.58886952,1.670770756,445323.544
2465.168483,2,2,2,8.277411654,3.687916909,502831.7097
2959.655271,3,3,40,16.05163671,1.059159499,599782.736
1638.365318,2,1,40,6.003280347,1.544689187,303525.8134
3258.346675,3,2,16,26.99827611,1.340988362,647074.2921
2969.627549,5,2,7,10.14308475,2.790406039,654253.7367
1852.998778,3,3,40,18.31003808,1.506551924,385378.1179
3378.321818,5,3,24,3.657989623,1.15195406,729738.1463
2512.624448,5,1,23,18.90051578,3.204232585,497630.5718
3499.617156,5,1,22,8.161210179,8.189685312,752783.6406
1894.518949,2,1,41,28.69594771,1.506799042,404124.6653
2569.816397,4,2,6,11.82462798,9.860943109,551396.9738
2080.496085,4,2,14,18.2221967,6.918249128,456715.8777
2108.347115,3,3,39,6.47440097,8.801387925,485414.6536
2682.130762,4,3,24,25.84428609,6.946308618,603904.7681
3343.438134,5,3,31,24.12998754,7.991863659,678115.828
3110.527711,4,1,20,7.369059368,3.707009692,632170.515
2947.882797,3,1,18,27.33145524,3.315922289,623174.0755
2618.347564,5,1,35,1.204650661,6.979824799,557508.9729
3344.597007,2,2,32,22.57719362,6.068389181,668460.3636
2484.722813,5,2,20,13.73606356,5.550969319,536302.2193
3247.664357,5,3,24,25.06378183,2.59529721,731684.8644
3167.963288,3,1,32,13.96457902,3.075836709,607153.7466
1927.670694,2,2,27,1.96746287,5.94752601,394908.7118
3042.450926,5,1,44,6.796365969,4.689262371,655737.8374
1524.342314,2,2,36,29.83124504,9.662610649,289344.6039
2145.659075,5,1,18,10.02532808,5.975401201,441190.8794
1959.134889,5,2,22,4.809156511,4.885404976,473482.4903
2513.725917,3,2,34,24.17492477,9.555389679,479933.8944
2973.706323,5,2,31,1.352094822,1.824524657,635801.2881
1695.352735,5,2,18,1.992262544,3.446037923,381781.9774
2529.844404,5,3,14,8.925563384,4.117549921,588683.5317
3376.824043,4,1,7,1.422029239,8.681523561,758354.7846
1957.293102,2,2,11,29.87138052,7.897707856,412702.2171
2854.282288,3,2,10,20.73386658,3.742427573,591208.0317
